"obs_time","delta","true_T","Z1","Z2"
28.8887862730839,1,28.8887862730839,-0.600952220043004,-0.367396153366142
1.08972835249053,1,1.08972835249053,1.52384553082836,0.471529273708533
0.235600287763064,1,0.235600287763064,0.568773844608277,1.69008769275251
1.16607515114007,0,19.807599476906,0.117788926383064,-1.10266142603718
3.88189967174493,0,41.9025124992436,-0.778794714044036,-0.608247005967441
2.62175738300467,1,2.62175738300467,1.27549889277079,0.664369150151275
0.0369603817003741,1,0.0369603817003741,0.415762289418398,0.210638578002313
0.0653963196093203,1,0.0653963196093203,-0.0744141556242606,1.58216327644755
7.50559495918378,0,52.7554458264365,-0.0281113400091314,-1.77075311663262
6.66838031698504,1,6.66838031698504,0.555090358059797,-0.275157166452246
24.9358860843382,0,29.6023426568289,-1.08785455480456,-0.486920711472953
9.69807356307483,0,87.0865891338067,-1.17969512645617,-0.969604354509717
6.95225956972013,0,271.513077751934,-1.04028992332757,-1.79099269633143
7.14919446024536,1,7.14919446024536,0.848936027110493,0.364982298432102
0.131216925180367,0,5.57185109046693,-0.774844680706764,0.916520698414692
4.98421404458175,1,4.98421404458175,0.335562686047671,-0.174640103450631
1.52689990262772,1,1.52689990262772,1.09190266449331,1.07988738337589
2.24103090283115,0,2.37733564467794,0.971819598129499,0.877816237481255
2.25494038844021,1,2.25494038844021,0.519019437377267,0.0835623179582381
2.3307836440863,1,2.3307836440863,-0.394010379957808,-0.446695730498104
8.65312924087125,1,8.65312924087125,-0.724848363999926,-0.380636065481119
0.0889212405175203,0,3.42404980411311,-0.660911904653418,1.76754190761509
6.00099631287723,1,6.00099631287723,0.876119800287406,-0.772196015321609
16.2582312574566,0,17.6026774617717,-0.509936160452336,-0.555028726399118
1.45578668861545,0,1.81080946180391,0.731810949230331,0.12134149272233
0.945776721099485,1,0.945776721099485,0.237298450984576,0.0379896076508441
0.464666733039962,1,0.464666733039962,0.312810654391246,1.31087260122852
0.850877680133665,1,0.850877680133665,0.17441344788947,1.4063642907065
5.29644023293643,0,85.8654719027083,-1.34467115970898,0.163846797286454
0.888362244526662,1,0.888362244526662,0.175523803445272,0.240639375342937
26.6049812204555,1,26.6049812204555,0.236692704610443,-0.386949268097853
35.2130917607815,0,55.4180742961896,-0.585480325417214,-1.07010868542785
18.4684035542122,0,21.0421029693774,-0.956711832913281,0.0157861719651377
13.2114696816081,1,13.2114696816081,0.446655904122255,0.167203378411956
0.0522760189566152,1,0.0522760189566152,1.42144292668458,2.21893012929272
10.591792219715,0,474.989897177958,-1.07195656818066,-2.35757407175868
7.66581796987264,1,7.66581796987264,0.787914151114399,-0.424731048078095
3.57720643655548,0,9.62267896835068,-0.399127888765848,0.812556139556307
5.41182285019156,0,124.543756454299,-0.591014594766021,-1.25282744263108
4.21616715031109,0,16.252116093475,0.13917798368632,-0.0872339605259094
1.20173800930938,1,1.20173800930938,0.105285681544465,0.373644170901337
10.8110988026885,0,12.774822184595,-0.191253174507313,0.52648607458317
9.25202498347421,0,21.0370302809288,-0.127102173327513,0.263410646255212
1.95424863875706,1,1.95424863875706,1.17209838798627,0.704235867133855
0.974403544058995,0,3.32602851059778,-0.0174924452539433,1.02530564636361
0.807413528606121,1,0.807413528606121,1.10158661038859,0.786848505553033
4.17329033696593,0,7.58263835225717,0.0680830974843609,-0.544722375613045
2.7918579959657,1,2.7918579959657,1.15893072747954,-0.22764347025808
0.10004935957279,1,0.10004935957279,2.5094702474321,2.04651162205112
1.91303725705908,0,104.054204896475,-0.493326341411429,-1.0524501981219
12.0732905080211,0,22.5527409372544,-0.619713650736138,0.0642638605760053
4.98781556382702,0,19.5241850574739,-0.32823670025114,-0.399548928912085
10.6762764887697,1,10.6762764887697,-0.930846983635663,-0.289790451173333
10.7030858624119,0,56.8629354290504,-1.1898546375325,-1.81425641858267
0.228336266642042,1,0.228336266642042,-0.129416790976412,0.789272694060339
0.680650855480964,0,34.1798036590796,-0.398389744925732,0.438337688834549
2.93579766354805,0,45.4422732107223,-1.57713518670409,-0.472407595106817
3.01859246787322,1,3.01859246787322,0.579653058274986,0.425324286734632
1.19413335860558,0,77.5435189877811,-0.0637515521086431,-0.591523468821043
9.12483919757486,0,31.3237334842123,-1.08581540819026,-1.20915211575135
1.96720217903577,0,14.4596771840731,-0.131586588388153,-0.884741019673355
1.79120056274125,0,10.9687166345439,-0.540123640791783,-0.374331671501811
2.50262280803696,1,2.50262280803696,1.61229687995544,-0.152508643999244
7.41287410895378,1,7.41287410895378,0.247543721971063,0.136226925901747
6.92103869175559,0,31.0161285183188,-0.947538054852364,-0.317825137581113
0.209283067591549,1,0.209283067591549,1.51218682941704,0.809996699322561
4.99485100482871,0,28.7563052039905,-0.0695222824586383,-0.397428736385167
5.603917295753,1,5.603917295753,-1.69047290177745,0.561368347440139
4.11642071100139,0,40.0603917493469,-1.21935745922772,0.336692942459488
6.78730370416206,0,15.8830379666589,1.47034539341503,-0.900581331798137
7.67868907247582,1,7.67868907247582,0.610009910188117,-0.0716281750524083
16.9129462916541,0,181.209178596717,-1.91059948176761,-1.869957455066
36.3887814685353,0,102.431333603912,-1.68437387089869,-0.927324384251326
9.62582943911945,1,9.62582943911945,-1.23390150897821,0.28614639267287
3.89522641724682,0,5.05373663680247,1.69544146484905,-0.699627785425372
1.98202153327818,1,1.98202153327818,0.959940075606818,0.946719578383686
14.9656612528545,0,30.7912695513198,0.0598959797097781,-0.888036654296073
3.39842494493969,1,3.39842494493969,-0.187954010662066,-0.301757705395075
0.316620251334932,1,0.316620251334932,0.447411886854125,-0.214035799840825
1.0768568551326,1,1.0768568551326,0.846735165875796,-0.108958005518123
4.27313799354798,0,6.90736534984548,0.74529420122486,-0.740965390797693
0.595968021553882,0,1.78791832917389,-0.378373634944554,2.80445200006588
8.39892766459328,0,14.1847784820826,-0.325466529822941,0.180175049869741
4.40569469903986,1,4.40569469903986,0.489667448796671,-0.302539845455697
2.38371073070582,1,2.38371073070582,0.59474544388559,0.49016610674478
0.810712076196264,0,2.0764528254799,-0.191142514221493,0.00732365003734074
0.809603950520328,0,2.8084991048861,0.517977447833289,2.04710940519189
23.4421080544628,0,96.4195091656698,-0.999740388630436,-1.25052300042119
7.81749504904621,1,7.81749504904621,0.116859121787053,0.309681731842123
3.10784834193686,0,3.60337988587174,0.30301562434051,-0.329766322764875
1.78068944968371,0,65.4678629485691,-0.700157793507742,0.944934130343364
17.2089108181084,0,42.0344045773364,-0.561747552532226,-0.926517406552142
0.389384906525611,0,13.4915940900195,-0.279261414557181,-0.251610941083481
1.23242763256399,1,1.23242763256399,1.0940322980077,0.369118448506673
3.18269174887061,1,3.18269174887061,0.599133742408922,-0.287115573609252
0.23806383676317,0,16.9502813763951,0.123103365281124,-0.258119977088579
2.70105280426169,0,59.9907620947422,-0.140376416727141,-0.8403745729391
1.68566906659449,0,8.14647961278071,-0.749220193074357,1.5898995877634
12.3988676183733,0,39.7582586740151,0.256387307885015,-1.05316043976187
13.8643390342854,0,370.282393400013,-0.897165766552782,-1.30326720921832
0.770086220276952,1,0.770086220276952,2.46356517643914,1.83678758355366
11.4547426240252,0,37.4489564370081,-0.115521490260075,0.456060580111265
7.6059532743966,1,7.6059532743966,-0.523483423055539,-0.567258244867343
27.6012563460484,0,95.644446762376,-0.91563012112974,-0.778461608854114
3.70042778695913,0,3.70774725806157,1.58067065177069,0.3750991328827
1.52448584459553,1,1.52448584459553,0.178253001359674,0.266246920016974
3.98224377019656,0,10.3078222838904,1.05691313337022,-0.179491152341773
4.99495116138186,1,4.99495116138186,-0.52498600941442,1.36171919111972
0.352530563383738,1,0.352530563383738,-0.613274188703547,-0.812609537009461
15.7844401001945,0,486.528049053403,-1.5266570303548,-1.56091112374166
9.10931566623094,0,9.41042433816777,-0.394469308172978,0.448373193255428
0.844793966490347,0,1.95112478766711,1.25516832271646,0.970727700877761
4.3467681626136,0,26.2627133772999,-0.335801553443963,-0.0364074267398164
11.1249125092617,0,32.9756426279007,-0.866217641089298,-0.875142529260191
1.97023243745368,1,1.97023243745368,0.591652062793942,-0.752022703265999
0.126062234631884,1,0.126062234631884,1.86529250819205,0.418825288611922
8.91492217979208,0,22.228592853843,0.0160835580604602,-0.657836249192352
16.4937789233146,0,455.974432658218,-0.895685727518539,-1.42080262803519
13.5484139417449,1,13.5484139417449,-0.0682517309558679,0.357361351333607
5.80343961797441,0,15.4933539149423,0.110977414310926,-0.670970136354969
14.19601840704,0,23.9181318543807,-0.891728921560074,-0.689197097419939
7.2191494501781,0,10.6762293158686,1.15072780160757,-0.711341945548039
4.85100024945627,1,4.85100024945627,0.319416910876363,1.79119845182443
21.7500841209571,1,21.7500841209571,-0.449486922000266,-1.33963947886033
0.056920537000548,1,0.056920537000548,-0.516471677883165,0.296863340802993
6.28845546631844,0,21.7408383449991,-0.508228818053804,-0.639944067317456
1.54464357066224,1,1.54464357066224,-0.30877628275303,-0.00159928146708539
0.145650174917806,0,2.20065797049846,1.52111856784617,0.328177184612831
5.07041541031937,1,5.07041541031937,1.20722332428013,0.888993183886225
0.395908789073276,0,126.117600523297,-0.506511942590058,-1.51008180300272
9.99841737938447,0,27.1111534632457,-0.6301484784557,-0.608053608737711
3.00307875202017,1,3.00307875202017,0.382063864625657,1.26809994732497
0.00110798987869235,1,0.00110798987869235,2.61548765444881,2.08834102349984
39.3194780637561,0,126.91582894218,-0.583236698455267,-1.73113718139549
4.30422092248869,1,4.30422092248869,-0.352443983155973,-0.0144560725161112
0.204135165488776,1,0.204135165488776,1.06534045386641,1.14843608209645
1.35671197486998,0,46.9851840989422,0.299868576175361,-1.17061921615377
6.2240899024689,1,6.2240899024689,0.705114648564826,-0.211437346513988
11.1620077596477,0,13.3833714016839,0.188141707078196,0.117253175349441
9.19260894921015,1,9.19260894921015,0.419963691736635,0.134651916429309
5.2482930696429,0,5.62762530042254,-1.42003807912735,0.279826160842998
1.0893353582436,1,1.0893353582436,0.304117332018252,-0.156688737847435
6.56903698570426,0,9.67186410965021,0.148810588655384,0.160049438815406
0.372924720413723,1,0.372924720413723,0.638170650634182,1.64213973648708
9.38986174104165,0,10.9129385318777,-0.168087896098435,0.10564428489447
2.33175667226076,1,2.33175667226076,1.4014142838527,1.32066067440453
0.581241415045219,1,0.581241415045219,0.956779499601039,-0.261375351459162
0.930910278732523,1,0.930910278732523,1.95151324160935,0.582708761956116
2.66906502623305,0,5.40736089617384,1.45360106743285,-0.821694981445427
2.43494479790309,0,6.37163324613876,0.343770283705704,1.21275571653722
13.5162525765997,0,43.1957564523617,-0.885681140703297,-0.912160013478431
9.09104652613085,0,245.753303548033,-1.17896925470193,-1.25956145008478
8.26179546814341,1,8.26179546814341,-0.336548206004334,0.20674930335492
26.4599905994441,0,323.434220243133,-1.89071336617835,-0.316558662445068
0.0928172915887098,0,0.124335296301726,1.72189932778769,2.28822042180968
0.197838820097026,0,1.15267245242357,1.45270721713721,1.06775741684601
9.22734936054843,0,191.451739634393,-1.82357487933204,-1.02792157699813
1.74278956213227,1,1.74278956213227,-0.157965379748365,0.588435579360124
4.22096340752872,0,13.1937716700509,-0.427832906646795,-1.24311096982819
0.0813460897140006,1,0.0813460897140006,1.862925377029,1.31630042810618
0.954576861514564,1,0.954576861514564,0.544609739497618,1.23805404234335
2.46911525273543,0,35.6845724118214,-1.12212378115368,0.291803109541238
4.57029920488254,0,11.4842886012607,-0.328128206108796,0.52510777625537
0.68056297808117,0,5.53323538143833,0.105072790522662,0.595651219517033
1.78080368467362,1,1.78080368467362,1.29189777006438,0.35269908036034
4.78123396118348,1,4.78123396118348,0.675296805051192,-0.8845755726386
8.5700136273748,0,24.5042022957568,-0.303813888017694,1.28068665097022
3.30136525928333,0,28.1369720730829,-0.166625561047564,-1.8846198287455
2.49477716955875,1,2.49477716955875,-1.36952495372139,-0.546978439218116
3.46444157136191,1,3.46444157136191,0.809909359559698,0.125668530737535
0.519750379161538,1,0.519750379161538,0.85112765579806,1.08787966742871
1.72430741333364,1,1.72430741333364,1.62861321375976,0.486608824494894
43.2021369758654,0,443.772260330757,-0.503981884811133,-1.70695115213071
3.27382658376658,0,48.9007876146325,-0.0520625975337609,-0.526656866632081
19.1766331262526,0,32.6768226993137,-0.98738417001123,-0.425868305021207
15.8812330943752,0,18.6873195397732,0.464598561796996,-1.66216060771997
8.44323943895672,0,58.3496518102195,-0.38253214818988,0.00207494741414334
0.417567411325004,0,10.7526217254705,-0.77635181941841,0.0913463452739495
11.0001938785593,0,32.6729149045151,0.388860398833128,0.0745754197342897
2.54975870397502,1,2.54975870397502,-1.71633240851807,1.84561641848499
0.897970548555584,1,0.897970548555584,-0.0297626315888051,0.575869050813284
0.0366730016893183,1,0.0366730016893183,0.529643072242533,1.06061432280935
4.13218113403628,1,4.13218113403628,0.735499908115561,0.00898119486089599
19.6740957610207,0,27.226043713909,0.120592206943422,-0.815317784692775
1.06362081810839,0,6.26595014744096,0.708398564743339,-0.223540843030471
4.06976716501106,0,8.98639219946513,1.90710090011169,-0.969283797154585
1.96720854345053,0,2.01888001670012,-0.234553233123338,0.677166990773864
0.128969377117777,0,60.2137406843273,0.340181282366225,-0.437362940550487
0.123285959800236,0,52.8317205031379,-0.925423198112095,-0.118433025423358
2.05686526812316,1,2.05686526812316,-0.477178780178953,-1.73298191440785
9.63977411143558,1,9.63977411143558,0.0826089967275069,0.192690849073323
1.20861816084726,0,5.08427057059341,-0.104285764154114,-0.973845689404
0.434184051267241,1,0.434184051267241,0.816709636722831,1.45482885907161
38.7583839075055,0,73.1133964180512,0.146778601192893,-0.978811561358669
9.42544682783604,1,9.42544682783604,-0.331223001961852,0.221557080230057
7.90559210728964,0,226.430396937448,-1.18343805017544,-2.25159405142476
7.69870140934762,0,13.4289590434533,0.639436100607957,-0.572352894525873
1.00673296605975,1,1.00673296605975,-0.164778558916782,1.30420811682035
5.77655066545682,1,5.77655066545682,-0.528875151151716,0.616550485324643
0.744401057804563,0,141.170135004562,-1.30948847762347,-0.668750402516716
29.1988157282415,0,84.6775210688646,-0.37351890429015,-1.14786829141544
5.60330410834196,0,23.8779274465491,-0.620584485455871,-0.192143740647948
18.8510254438365,0,50.419502773169,0.220649677521516,-1.42071664360464
0.324940498358703,1,0.324940498358703,-0.142064260374508,0.640109455949198
3.02949791372503,1,3.02949791372503,-0.461622204936567,0.0800930649728749
4.41173935702755,1,4.41173935702755,0.544777091175737,0.386106886969657
7.11567586814068,1,7.11567586814068,0.599239125363099,0.0505480640592705
20.6622275568371,0,192.195225612815,-1.08367811603572,-2.66015319572293
5.5593832300178,1,5.5593832300178,0.0215917441631883,0.391568195217349
6.04235301022484,0,15.4001282415748,0.373438955106779,-0.397786283570193
0.279870748446174,1,0.279870748446174,1.79299991329074,0.7372339880645
2.50634026931245,1,2.50634026931245,0.451298622933013,1.26160829008589
3.28278060916029,0,41.1108560574329,-0.810541291105567,-0.620946448764626
0.0112105169663574,1,0.0112105169663574,2.31864171339012,0.631256330927411
4.49319427046465,0,6.58243370145303,1.20559301103814,-0.966692100672846
1.48547930197328,1,1.48547930197328,-0.0860817860519873,0.316220045027212
6.87222822638733,0,62.0047072957816,0.0295371632894145,-0.893714345150139
7.63412086098077,0,13.2334331832095,-0.260253953855938,-1.03572376755019
3.96252905786024,1,3.96252905786024,0.969179001244283,1.23227346909256
33.0696722545989,0,40.260973705011,-1.82935207726066,0.617719037642536
4.03007305912337,0,7.04265751805857,-1.08105398310119,0.118067430319213
6.53345052065451,1,6.53345052065451,0.585681706583315,-0.0222833767109525
5.07240329335673,1,5.07240329335673,-0.580344002977164,-0.00727993425058002
0.148099999004894,1,0.148099999004894,0.652481908474191,0.96677964331446
44.1108183263005,0,982.469067635246,-2.40593141658371,-2.1118048950243
0.0357827739900721,1,0.0357827739900721,1.65255004212418,1.38118120202293
1.99883504671454,0,3.55920355200946,0.605558630054579,0.803470363932817
32.9537362677957,0,70.3598428768822,0.19722544238358,-2.33287171642356
1.94215023338626,1,1.94215023338626,0.946921295351852,-0.181101186998154
7.84355752359258,1,7.84355752359258,0.146366292504362,-0.225412514815596
10.3227614867021,0,20.6689612224112,0.752062162280392,-0.1109174014189
7.62181303756634,1,7.62181303756634,0.39971946539236,-0.243174061241326
5.61199908956421,0,20.6032253519848,-0.742377623033334,0.885946260155569
0.371844385998465,1,0.371844385998465,1.16192636183249,1.85726846153069
1.92380851954626,1,1.92380851954626,0.354106002575607,1.1035322854564
1.00664734385744,1,1.00664734385744,1.83525534979272,0.239385228683934
0.0500074343942843,0,63.3070292316098,-1.3398213907786,-0.57360080398209
31.3775866367874,0,48.2609533330021,-0.167490158255047,0.091114167304531
0.575885896003541,1,0.575885896003541,1.56954734925176,0.128146330296709
4.52490196091406,0,4.9997511291938,0.301365858106711,-0.123385209682847
0.0907075299009424,1,0.0907075299009424,0.101037972106058,0.308649440976819
0.174810002336738,0,2.34952802428174,1.31435638437436,0.460951813341256
1.80651354044468,1,1.80651354044468,0.890136616166965,0.936818186411307
1.23269758752533,0,8.98033739921413,0.73493887800993,-0.318061787986475
2.99656793770978,1,2.99656793770978,1.47284772160571,0.053091889170137
0.18979440406305,1,0.18979440406305,0.261215290020333,1.32882945773512
2.8577676899773,1,2.8577676899773,0.967878410744069,-0.717917739136055
18.0419051296906,0,241.88936272738,-1.19481855280729,-1.53777104022319
1.30729871340506,1,1.30729871340506,0.218314855818187,0.206289568298791
1.53489713396706,1,1.53489713396706,0.494616712587462,0.627583212037484
17.5026199513192,0,24.7895124602029,-0.838571965063445,-1.11562046434119
0.372835696782367,1,0.372835696782367,1.18618717286444,0.991221037052601
2.21460458986277,0,155.470244378834,-1.48236890694979,-0.482506422172988
28.506187906869,0,1077.42790624769,-1.40136895573066,-2.23208029879974
1.45462301413732,1,1.45462301413732,0.124503412809284,-0.0376586867125909
2.20869796881951,0,6.60016136152443,-0.0381070957122564,0.18358630170377
1.6497587631537,1,1.6497587631537,0.905608442876943,0.426990730586449
9.05069314645547,1,9.05069314645547,-0.785611341606124,-0.869306910788147
1.15416454127955,1,1.15416454127955,-0.0470734213435846,0.265340340888157
0.5800561764209,0,63.6971271849541,-1.05195674919794,-0.447117772527177
0.327559992080975,1,0.327559992080975,0.906283477703132,0.145756652039264
12.9388018360168,0,24.7205481899487,-0.746042425436026,-0.447307135088561
0.622881048026693,1,0.622881048026693,1.21902967000653,0.819793939866578
0.394764087114986,1,0.394764087114986,1.23053826861194,0.454433462292539
10.3265665077219,0,13.3951876922081,0.251756026798495,-0.433240945803716
5.26530759775377,1,5.26530759775377,0.453694399704902,-0.332399186651389
0.0157752985173643,0,118.9335672081,-1.33903389176278,-0.244037696293305
0.348677126348506,1,0.348677126348506,2.08683982990004,1.2772471993237
0.185334712342332,1,0.185334712342332,1.21842703910052,0.64821778053568
6.9471782869738,0,15.1773843553236,-0.640164880309604,-0.352855852863898
2.55939862582886,1,2.55939862582886,-0.385245832797194,-0.523451036148651
1.50799168072687,0,1.86832314829887,0.370272887252714,-0.974312426371558
0.587555057955411,1,0.587555057955411,1.06050454333785,1.05893925932009
7.23535294806793,1,7.23535294806793,-0.992267584344714,0.307475542064616
0.634484692807832,1,0.634484692807832,2.20320070828312,0.0907601167269918
9.10243770564474,1,9.10243770564474,0.613666092756587,-0.53687165509045
0.0442968073371202,1,0.0442968073371202,1.13752423985064,0.528785417666215
6.62520580069832,0,11.0302784558443,1.21801832882078,-0.98171034224352
27.1199489285096,1,27.1199489285096,-0.185928223967827,-0.522247506044375
4.04113149674788,0,122.884177646962,-0.353490200659166,-0.659182272289613
5.57081611334024,0,8.52140951388982,-0.655646677146413,0.34318828861443
1.87904117831838,0,12.2052315112312,-0.666426831292809,1.15197720191273
8.66545718350715,0,108.61309763995,-1.11962636662482,-0.209377892873143
10.5379535348637,0,12.6458572639834,0.666686397472946,0.704690595492344
2.23543291479957,0,4.65799235343598,-0.270888265110461,-0.00130475287555241
3.10275879287263,0,31.3447018574351,0.551548752236735,-1.15804457455125
13.504628387258,1,13.504628387258,-0.672176355764541,0.107155744543748
1.68127172159199,1,1.68127172159199,-0.0750432744374312,1.20820419298377
4.99331525952947,0,6.48470912710836,0.668991424211464,0.243958651981903
7.7590910548682,0,131.988249139047,-1.44962649738911,-0.365025427456601
9.73577611302983,0,91.2716362588015,-0.332123485838127,-0.18075359350222
11.1958959946549,0,29.3677981114577,-1.01223637396648,0.175856652143485
24.3920065767284,0,107.808515330812,-1.06210541530004,-0.48741536813289
2.45666953995334,1,2.45666953995334,0.165640251145686,-0.658097866956924
4.97425395176442,0,5.21158884672135,0.222388490227914,-1.12076211861247
41.0616599810723,0,174.488766088283,-2.59369135708263,-0.278098608664016
1.16968872419263,1,1.16968872419263,0.737916887305326,-0.0585577615887723
2.51503630910715,0,11.5128479787303,0.187775357780033,-0.986052148788124
0.523391982078152,0,32.9849328398297,-0.625318055245411,-1.90827122263718
0.385167300708556,1,0.385167300708556,1.62231348172002,2.10224804617555
0.239980202680706,0,5.76351229746282,1.03033826422382,0.251559686504892
39.1990353815111,0,323.770996997222,-0.42458181293818,-1.47303539896312
2.33921595715017,0,9.6142424660705,0.708911596964898,0.00101319235612538
24.2731532400463,0,26.2723125450047,-0.99982412015485,-1.53388975733474
16.6746111524125,0,69.6802137993583,-0.509301529462211,-0.897714321550484
10.5182025580135,0,36.7623609806484,-0.698640099559459,-1.27887033441792
0.695196444695388,1,0.695196444695388,1.62594450693987,0.421323044184992
20.5401734194163,0,46.3828725497106,0.364947787680067,-2.23483264531232
11.1606414662587,1,11.1606414662587,-0.612583170103698,-0.769762020251503
7.3020970089036,1,7.3020970089036,-0.780964075851456,1.17739313926579
0.463096370848115,0,72.1118356481241,-1.28465189461658,-0.0587605396585884
0.275562191306976,0,2.73040579587645,0.863713682962605,0.391192336158144
3.39771976186337,0,22.3259264525331,-0.601840234934396,0.682563572628918
15.8389481080265,0,62.7795887868347,-0.110478078691152,-0.983108649530853
0.833707501681188,1,0.833707501681188,-0.800670209440477,1.65636073308877
17.4987796390179,0,198.274679470191,-1.13564099496441,-1.96795411924561
3.94237309261143,0,5.09564915869774,0.595382489229795,0.437677095485369
4.27962022465719,0,86.7547385479308,-1.81057767303046,-2.22714988923152
5.71738122621656,1,5.71738122621656,0.182557855227661,1.07047099810611
3.45162460570958,1,3.45162460570958,0.486867040888754,-0.311499973389857
69.0108698378078,0,87.2333862275304,-0.735606717732543,0.0459265794593392
21.7880512132888,1,21.7880512132888,0.31497305489797,0.648980882318277
2.14021353631006,1,2.14021353631006,-0.149541504917214,0.766269259419319
2.91682233266985,0,101.403757047553,-0.888053574681496,-0.534311508754182
1.7762681628105,1,1.7762681628105,0.971795387380362,1.14797605169468
15.4402738920018,0,188.561132960587,-1.84470883672853,-0.398183953289571
4.21995403837445,0,14.086071304603,0.212534406508049,-1.24382507131309
4.22968235848787,1,4.22968235848787,0.249901405852572,-0.675559857632842
2.08712299072084,0,5.07823340508566,1.12485813915251,0.784194612171928
3.02816736268107,1,3.02816736268107,0.774091935034625,0.315651298515306
0.817970975567233,1,0.817970975567233,1.19152377935561,1.55700329949928
4.4666387793034,1,4.4666387793034,1.89190055806244,0.481474917073939
17.8800868947976,0,192.817047721723,-2.16425700239074,-0.551645473549571
3.70481022878678,0,6.41684125857813,0.158350545715988,-0.0968489271194727
0.839912772476012,1,0.839912772476012,0.810507361276512,1.12332386615775
20.5852897031532,1,20.5852897031532,-0.576450078606731,-0.418137989846939
12.9711515340834,0,41.7584473432751,0.241877680903181,-0.428506181558577
5.32266674305986,0,150.452342470279,-0.419569764704737,-1.8712422963474
3.51748707395037,0,447.981006141247,-1.4253884680774,-1.57236468138546
9.42999492489574,0,113.180881271087,-1.00397759048546,-0.890614819075209
3.20951289170594,1,3.20951289170594,0.623467960204342,1.04759616540255
9.59930785403058,0,24.7052289024136,-0.96059944990298,-1.15113322815237
0.287017530880875,1,0.287017530880875,-1.11349763012327,-0.670070873860563
7.37520774780322,1,7.37520774780322,-0.105714921859515,0.40527339080962
29.3504924422359,0,338.214368290226,-0.848328571500894,-2.09083145327432
0.996280776460025,1,0.996280776460025,0.218947828529233,1.12306946915056
3.17678393005688,1,3.17678393005688,0.946799733160377,-0.453670845906977
0.624359905634174,0,1.63609932611732,-0.858844467515156,1.97371006461712
4.8573655587061,1,4.8573655587061,-0.182109788493291,-0.136168571337391
0.3976617445915,0,7.18701976215685,-0.0115006801858397,-1.45018978588436
14.4451588417991,0,573.219883355286,-1.10210147906953,-1.67643007816441
8.43324307819337,0,40.0344812172468,-0.63871749097347,-0.0645863493850046
12.2497848418151,0,12.5791426905098,-1.16550935714964,0.216666708305559
0.552832948945154,0,12.2770403423645,0.045456800618708,-0.798516900520988
3.4184853811451,1,3.4184853811451,0.412230759115095,0.781168120483102
16.9432384830177,1,16.9432384830177,0.969850121047246,0.0690360107861683
1.93391909689828,1,1.93391909689828,-0.112889467142499,-0.107994408069876
0.0492171431398099,1,0.0492171431398099,1.68353517061264,1.4598137524372
0.980160729448343,1,0.980160729448343,0.731600752358849,-0.0615908825137598
2.56948667479113,1,2.56948667479113,0.464902759128122,0.486150538002387
15.3348626003903,0,515.408459362142,-1.45349726181136,-1.93901885437708
30.2381158839937,0,70.7590487173695,0.224145508451177,-1.31108270360811
2.68401911852157,1,2.68401911852157,0.0663952203506851,0.242156604258659
1.16494187785806,1,1.16494187785806,0.593681192809618,0.328911314515742
4.96848432050195,0,12.0474807607393,-0.452592148416769,0.763079735897281
0.548080652415178,0,0.766798680355864,1.90745711580365,1.3011449004534
16.7427186450311,0,43.554058120832,-1.51518563102463,0.848832913046516
4.96911820131768,1,4.96911820131768,0.08171192639571,0.492519912518168
0.754102303799689,0,33.3021554165631,0.575813770195945,0.0676024729773469
0.802615367652552,1,0.802615367652552,0.191078593115704,0.964950585364989
0.526587422773597,1,0.526587422773597,0.94365340388866,1.14069600832415
0.0864745328306439,1,0.0864745328306439,2.4736939164689,1.25852325394709
13.2290580773539,0,71.2357102841487,-0.371839134947011,-2.08163342082801
0.644882931058399,1,0.644882931058399,2.47507011860892,0.230436840085063
0.154881343923755,1,0.154881343923755,2.39078248242071,0.976504469321899
0.97554281714804,1,0.97554281714804,1.45761434049272,0.292203002400751
2.41772687086585,1,2.41772687086585,0.549419211337555,0.339045910605926
1.58234158497592,0,36.9441248188975,-0.210939005056877,-0.164463086214245
0.0147940843851342,1,0.0147940843851342,0.926181637517014,0.0675471885741452
3.02148209325361,0,82.9517350555024,-2.01895001548549,-0.716605521970386
2.79008023687414,1,2.79008023687414,0.680948166529772,0.735158586267594
2.90976773300688,1,2.90976773300688,0.157610678712279,-1.47486506595
0.818337255588536,1,0.818337255588536,0.606677873584173,1.0303176744432
0.217305848103268,1,0.217305848103268,1.17485605636297,0.113106973719367
1.21983641594222,1,1.21983641594222,0.0741564046291315,1.35382905535952
6.26995230639786,0,106.302473452766,-1.72415469330691,-0.853636900505962
17.8024615733844,0,63.0515806526428,0.0231637758513863,-1.44424956252473
1.66652520845322,1,1.66652520845322,0.756126746833949,1.886250372532
12.3681090600351,1,12.3681090600351,-0.0759914948717997,-0.270016908591355
10.5728181989529,0,28.0525167690735,0.386500297034843,-0.146646820827718
0.0842569081187148,1,0.0842569081187148,1.01976955170188,1.08414108142889
9.20549129395623,1,9.20549129395623,-0.301950395550614,-1.13590069157295
20.5938274545983,1,20.5938274545983,-1.42678245732952,-0.913972100323164
8.21756418059404,1,8.21756418059404,0.263389625440871,-1.68510369163834
6.77801633604004,1,6.77801633604004,-1.99126085755029,-1.11971969377854
1.11744908249807,0,48.7469005023287,0.144507877195651,-0.78036014199572
0.862427551592191,1,0.862427551592191,0.942816293709467,0.551518202908888
2.4073998598402,0,2.55435324573654,0.0471031021554513,0.746762461319022
3.84184822403485,0,19.6117022453997,0.259715462877369,-0.330223859039146
1.0295272018861,0,3.53286535694158,0.390828672998492,0.685266821972754
7.13079709785048,0,8.80621052484795,0.173837710589711,-0.543376138717115
1.0212514589559,1,1.0212514589559,1.12446374953405,1.33499349441559
8.59700995515962,1,8.59700995515962,0.304157760445053,0.210699532071564
2.68201920591658,1,2.68201920591658,0.486367366769102,2.06819417610107
2.49046916655578,1,2.49046916655578,0.225930799341219,-0.0813845682942381
17.3165814736837,0,1097.71281842836,-2.82758730709404,-2.16104297302263
6.00341523893467,1,6.00341523893467,-0.0216337227836492,0.179161442111501
1.76734791265955,1,1.76734791265955,0.480059859063548,0.865174481124653
0.221104091359947,1,0.221104091359947,0.126821885581323,1.12295234372734
20.9456405364712,0,355.096881538486,-1.2028841361136,-1.40577193552914
2.5311927796184,0,14.413777728111,-0.994988882069114,0.398918837520604
0.538995220246994,1,0.538995220246994,0.12432540651058,0.741444268456186
3.9522526845908,1,3.9522526845908,-0.41177749514386,-0.641011388299102
1.43612531772014,0,85.6889328499064,-0.835293782885885,-1.88482709850802
1.48004973942859,0,367.836097257835,-1.50298761703105,-1.69561721215897
4.24700354209263,1,4.24700354209263,0.863796707875235,-0.304097878403958
0.206571259538397,1,0.206571259538397,1.15505631006526,1.66914468274484
8.50890534162702,0,18.4852495504612,-0.111766973484086,0.224570994215879
9.71169356153938,0,126.01116641334,-1.90328867063257,-1.24398390458884
9.82115001703219,0,20.2134611265257,0.131708761563967,0.30344523787506
3.17529890540534,1,3.17529890540534,-0.0386296115194961,2.39682795172584
7.53941235132529,1,7.53941235132529,-0.4261434178846,-0.0565855875626858
1.04849836562079,0,10.4722636900766,0.620916627989101,0.143046439279073
4.36099719415629,1,4.36099719415629,-0.351093346299623,0.843120240618917
1.00408309159878,1,1.00408309159878,1.55281158599393,0.389451724350215
1.79220417350698,1,1.79220417350698,0.517896340360316,0.0514322493225151
0.0577608061270326,0,0.604655891269432,0.682582205083791,-0.853693976793779
0.362280917770802,1,0.362280917770802,2.08557344832119,0.01771640777945
4.0283422094771,0,143.429290136161,-1.499964543016,-0.716538604584269
0.0929685452943662,1,0.0929685452943662,0.561933604351376,1.60626860638383
0.356037913256787,1,0.356037913256787,0.917031915306825,0.373442697115801
24.8664979862656,0,83.2170855092371,-1.56628508312209,-1.19615302298423
0.939189914631371,0,1.05153845155791,0.503050647723535,2.42377260794278
4.78133416148365,0,23.5589004862948,-1.50410337176308,0.611052574729874
1.98888337348105,1,1.98888337348105,-0.0780790116823455,1.4727653696578
3.89099037089633,0,34.4863564990606,-1.0632108910254,-0.156117430202174
4.16042882420324,1,4.16042882420324,-0.828237393205782,0.588145125926063
0.194754173678771,1,0.194754173678771,1.93810467682828,2.26828219038537
1.03948979314088,1,1.03948979314088,1.24749548611039,1.9868927205943
3.35219099693039,1,3.35219099693039,1.16982130512918,0.195216862662349
16.7924243867118,1,16.7924243867118,0.209211974901425,-0.815407989376893
2.23274369038589,0,3.02469425823397,0.137117102590492,1.13142653022052
2.01189195034332,0,16.045232427364,0.641213121392264,0.581867903604798
13.7971503663638,0,78.9691214276704,-1.15921711933311,-0.852603025896285
6.44889804849306,0,7.71513162801272,-0.636242596010642,0.183931891512102
7.5199209393084,0,45.6495770590765,-0.811289885510508,0.286528055055968
1.80985068095423,1,1.80985068095423,-0.605116938064114,1.47727496399571
12.85423059204,0,17.2428505051378,0.263463994289425,-0.557907680142957
0.49775338267334,0,10.6055847474204,0.141610891057355,-0.278056369616676
6.76430184798153,1,6.76430184798153,0.42153230542711,0.33129470313371
6.87137324606111,0,143.054217469266,-1.18436617267192,-1.02682257404588
0.37193735654005,1,0.37193735654005,0.713603127379592,1.66074312069457
10.2459178613647,1,10.2459178613647,0.886009623183709,-0.322566314541673
3.69472868533413,1,3.69472868533413,0.785209846542335,0.166851150465091
0.408548816148296,0,24.3518540499885,0.358433150422181,0.329475599687675
3.85791371058133,0,4.38290799006161,2.18091812296361,-0.478325625201251
9.43606053058763,1,9.43606053058763,-0.363210923769983,-1.6932060511143
0.344798970596698,1,0.344798970596698,0.853560908761182,1.21190321451044
2.58016677779277,0,31.2507119482137,0.898138239006402,-1.48538259732468
0.407145740592082,1,0.407145740592082,0.811099206956233,1.64590979398563
4.40398489816422,0,13.1877089113357,-0.45481721273736,-0.312076868328827
16.1439560545355,0,52.1565712560382,0.0591815581419906,0.343124510127229
1.41804350794273,1,1.41804350794273,0.983572245332625,1.44507326988109
4.43177824532356,0,65.4453937976274,-0.0414334333971579,0.164876026277284
0.350073342766801,1,0.350073342766801,2.51479801828003,1.06035082315136
30.0188219974473,0,48.9935829821972,-0.165076580887235,-1.24765440035336
18.0738873109925,1,18.0738873109925,-0.0545246934594462,-0.213045447858748
28.6362102322674,1,28.6362102322674,-0.159598496734616,-0.558669631729785
15.7162893507886,0,38.9009806067598,-0.849962919716741,-0.873974837209908
3.57522702846626,1,3.57522702846626,0.146903334256089,1.26599680467415
1.09584152497493,1,1.09584152497493,0.920171450321441,-0.0761856643267417
16.977342520384,0,398.923580801296,-1.84706452088776,-1.25215223296499
1.49257410348164,1,1.49257410348164,-0.415339232022161,-0.0183705192297543
0.893364565296617,1,0.893364565296617,-0.120662300059681,1.76680932201524
15.959484723976,0,76.52888747558,-0.577182191749608,-1.24304833875572
6.36842576884969,0,16.5460719249128,-0.396659245261646,-1.00768140436249
2.0917058264038,1,2.0917058264038,0.211303659482264,0.266088812782967
26.6154184577719,1,26.6154184577719,-0.0762965483378622,-1.47456193297636
2.20137376450146,0,6.01663777310334,0.29354112949994,0.356996036141065
0.0142347271735424,0,18.2889529274842,-1.12541852880336,0.555002413594544
0.374511597725292,1,0.374511597725292,1.35263619149428,2.42422008969785
3.56266884685925,1,3.56266884685925,0.163458989529347,0.085698838740526
0.346832701600128,1,0.346832701600128,0.111351580855914,0.0923872575770934
0.939589783819342,0,442.436079077603,-2.21800710245365,-2.09260474356393
6.48154498677445,0,10.0882492416314,-0.225288195145838,-0.581336551046455
48.6794667999002,0,82.7892794798092,-0.493549511985451,-2.02510383726248
5.12665999449965,0,110.60382030026,-1.73271624172411,-1.45184295203406
2.3288075311463,0,31.8908300744783,0.668148967257023,-0.805849220578502
7.63107545681931,0,23.1855896428318,-0.75159831076014,-0.129777253709221
14.5868435221049,0,41.4547201911294,-0.273853491858262,0.0578952291098783
7.0243912597011,1,7.0243912597011,1.93545005134116,-0.489689789312642
4.74207769456292,0,7.09972835080093,-0.428808201666479,-0.578212658995666
1.37659494059287,1,1.37659494059287,1.2617044493757,-0.351828619769576
1.5594676228178,1,1.5594676228178,0.124435310070027,0.739067032763908
0.228726850394693,0,1.30219785666915,-0.594128914030613,1.32479367580555
4.13847654179178,1,4.13847654179178,0.374711240620595,-0.862703723826569
10.5503567430719,0,27.4895374254591,0.38388049470164,-0.0883854841156424
2.50859476588656,1,2.50859476588656,0.279268465831633,-0.00583979485666755
4.08605048768434,0,8.30943930635483,0.684348575715436,-1.02799281805407
5.53759038012622,1,5.53759038012622,-0.569304258336531,-0.375962865837297
2.69027223136758,0,123.1515122857,-1.23102787749674,-1.26225111003367
7.74408218082863,1,7.74408218082863,-0.0515770204081679,-0.132325003116274
0.939690838653132,0,55.4850033172208,-2.19315579802656,0.345298312430293
0.190707503842916,1,0.190707503842916,0.866577022965061,2.39851087991925
5.01358288884476,1,5.01358288884476,0.546169092716094,-0.254387186148389
0.0151144570134623,1,0.0151144570134623,3.43510639010354,3.45973836782193
1.57974604444647,0,27.9690435248085,-1.05579081519539,0.137624251064838
13.7272668547445,0,29.9172366364022,-0.155636455294338,0.126002807532279
1.51489798819328,1,1.51489798819328,-0.106814474705296,-1.16000985556314
0.00998348646841214,1,0.00998348646841214,0.728596883451806,1.76355922707632
2.86151808098085,1,2.86151808098085,-0.200667308514354,-0.199844735837002
0.445949318946622,1,0.445949318946622,1.58343887798353,1.22976120230405
3.11458968797377,0,62.4469991981861,-1.53316882200695,-0.205892771497491
0.248063078625092,1,0.248063078625092,1.96350445240635,1.79502149403423
6.75743784227235,1,6.75743784227235,0.592307780520708,0.805337277135862
17.8472104009037,0,38.0734224843435,-1.07847086830248,-0.0198847969329348
6.18271104329917,0,247.172510952886,-1.04047067539657,-0.689441042886293
3.22611558287423,0,8.03938584906622,0.609474171782374,-0.85600236628238
1.91745627133698,0,3.93552743474837,0.368683721469032,0.482820505964032
3.36799592388283,1,3.36799592388283,0.524658060704434,1.77431150698467
18.9160704396271,0,37.3535755386282,-0.830633632635967,0.320873914271031
19.7217869765724,0,51.3265713301802,-0.153408684128186,-0.274961525196122
8.09789996979035,1,8.09789996979035,0.184178602029512,-0.865515633716105
13.1379806238666,1,13.1379806238666,-1.39667722984225,-0.817577960237791
2.74603478154034,1,2.74603478154034,1.70650045805088,0.50725274874664
20.6859914981491,1,20.6859914981491,0.271005119489266,-0.0975962359034087
13.2973974573996,1,13.2973974573996,0.208148290308199,-0.797479369339274
0.0313289616044079,1,0.0313289616044079,1.26978848131116,0.864471192905702
2.19122728042635,0,2.33983899304957,-0.764854190133333,-0.1560309604516
0.0386812880201411,1,0.0386812880201411,0.83627461166114,0.724127025423611
0.480421583700628,1,0.480421583700628,1.27278543341033,-0.208547956757691
2.37470102164445,1,2.37470102164445,1.34638354870495,1.29010590601594
2.13593630915852,0,36.1931902388856,-0.409535068167522,-0.984726526205901
4.83633037750572,0,39.3003455461257,-0.933549485138186,0.160296727334622
2.39363471021066,1,2.39363471021066,0.391762504333243,1.70007226022867
1.3727646638943,1,1.3727646638943,0.420637159250351,-0.220767264942545
18.995802095847,0,276.883131794069,-1.14133438906136,-0.82798668424353
4.9634432804051,0,16.3565491401345,0.214494279479441,-0.346823375134139
3.96490098072431,1,3.96490098072431,0.410175098382537,-0.189853210620913
14.057647227126,0,99.0890537563998,-0.291032858079579,-0.732939074114353
1.41926400924847,1,1.41926400924847,1.92621963778914,0.814349482336995
3.51522876759572,0,60.8056603974541,-0.215111224895651,-1.57452122246172
3.90453195760589,1,3.90453195760589,0.372376755932756,-0.817977751489882
0.838149387063593,0,15.9871920382541,-0.623459528400552,0.656306691871681
9.49384446135055,0,48.5581826577481,-0.889787290034197,-1.80596548826953
2.86745326515463,0,4.37821358070234,1.09427789954708,-1.83831385719053
0.834877460948267,1,0.834877460948267,0.816576929566859,1.13084185464596
0.92002011268569,1,0.92002011268569,-0.494478207568174,0.265841836504785
2.90373665567366,1,2.90373665567366,0.693500474001763,1.11882008663271
10.6351937457103,0,13.1221123826706,0.404223515448248,-0.11124542534015
0.443569403065736,1,0.443569403065736,1.09199669923971,1.01041800101478
7.40996498374561,0,100.176855686122,-1.26720668423276,-1.59545866272529
4.55260115252502,0,11.0004498606724,0.0839095350201577,-0.223144453374418
0.489866368495245,1,0.489866368495245,-0.930234823315044,-0.174005481062998
0.2551471804258,0,79.0831518307206,-1.23329028524995,-0.185907543899655
3.19179350035283,1,3.19179350035283,-0.355902125655179,0.762806323922691
0.936187738778207,1,0.936187738778207,2.10480380382058,-0.257264043444942
5.32426084218095,1,5.32426084218095,1.23518960286203,1.07077706336939
1.95929111350701,0,49.9291093687461,-0.185214735460531,-0.456356350810487
3.75601786016497,0,35.6571872246422,1.00257972087724,-1.5294038637414
5.11748642516717,1,5.11748642516717,-0.993160908584257,-1.55435525233835
2.3372259401468,1,2.3372259401468,1.29841160611132,0.176928321133093
1.53788398911983,1,1.53788398911983,0.317297888463986,2.93975589071413
3.72341348769124,1,3.72341348769124,-0.163183062491799,-0.441579518624092
27.8279279326561,0,52.6235222448167,-0.11629057314595,-1.4373710100752
7.47422081642056,1,7.47422081642056,0.448707117377212,0.0340131423258581
5.17894956345507,1,5.17894956345507,0.198304286186927,-0.827633943420595
7.1436765084415,0,26.617577838891,-1.16759543401635,-0.934554832766043
0.72717582610985,0,13.2729881680306,-0.405602091053526,1.05601558450307
0.665579781347564,1,0.665579781347564,1.48473085615035,0.257166957007687
4.93152530610647,0,17.6455301691362,-0.4318676097595,-0.410726722019149
7.14430961574187,0,9.3237581278868,0.0919579633124183,0.11152202109278
3.67589301238335,0,6.0879936349245,0.0868969751349494,-0.646170049814372
9.4298433478752,1,9.4298433478752,-0.508212596308177,0.937095316830875
7.1197071886607,0,15.8082405327562,-0.451499339637837,0.150724453846111
10.6001256307488,0,14.2970459343827,-0.302938974966579,-0.939956524731576
1.80171491604142,1,1.80171491604142,0.615724801296344,0.320184546953706
3.7704371341699,0,5.80522641634189,1.38248767250655,0.475747837941717
8.06455521098194,0,21.1248850194064,-0.248220586724211,0.183001887541192
23.9365575583455,0,129.516013797751,-1.36153889394208,-1.11426535269918
5.87799342982445,0,19.2687027653196,0.40666807818159,-0.189701646167635
2.53904075773087,0,34.799643431968,-0.0935349544159813,-0.128367574028839
12.0548068046305,0,995.365456424635,-1.15082200990425,-2.11826856586292
0.015120501397779,1,0.015120501397779,0.534075516887861,0.825972404637663
4.8629938963622,1,4.8629938963622,-0.861130238433869,1.09834676527886
0.504359334968612,1,0.504359334968612,0.719273051340691,1.39561041420802
3.71543975099669,0,18.7855803210611,-0.881389504541389,-0.0866355936041234
10.24440074791,1,10.24440074791,0.102298293745422,0.716435658800229
27.3968484140449,0,29.2271633022698,-0.558851098775028,-0.15879702560459
1.70225575110177,0,364.382154936113,-1.91931604723209,-1.21147549718556
33.0699293166301,0,62.6333161773829,-0.0620359968019546,-0.649893020785159
30.9055412592752,0,125.575994352698,-0.163193045333436,-0.46325839571917
1.71307824728554,1,1.71307824728554,0.888676521555545,1.2857581134233
11.8347793696066,0,79.4651750733447,-0.873942265697084,-0.509453571819882
5.26692358640349,0,9.55197102400384,0.821579366248227,-1.75135912717678
0.0929414791790279,1,0.0929414791790279,0.225445207975423,1.9115710798577
2.30028908063346,1,2.30028908063346,2.15937515205739,0.71900235412158
10.7943597927234,0,14.350358758963,-0.791358657894471,-0.0636988493028533
1.70325708759896,1,1.70325708759896,-0.254514866074351,1.23436328801806
6.52221620933576,0,28.8686234177036,-0.682485802618181,0.151471869893977
1.4152360857102,0,3.16282012046891,0.402671139006348,-0.571269623485908
3.17531480327318,1,3.17531480327318,0.628931160713281,-0.502054070215033
0.312078010587453,0,1.55502581244493,0.892601844899235,1.22241186501169
2.83995307251539,0,3.92952614757437,-0.667992328057912,0.814413172172841
2.10473937443186,1,2.10473937443186,-0.396668180203562,0.157623109673474
4.61737090382683,0,12.6941532584708,0.0843934664133257,-0.360400640617746
1.24876357817411,1,1.24876357817411,-0.0594914709497273,-1.11911487952957
3.28540887559679,1,3.28540887559679,0.0822322737523248,0.76241787615596
22.7137607969718,0,1056.62573347557,-2.48514678325735,-1.99993119762855
8.27032334991862,0,477.048133071471,-1.53363217263913,-1.83567434499087
0.206780668769076,1,0.206780668769076,0.148297326590142,-0.850499055112018
7.4000057973478,0,38.8047624958598,-2.2558068709033,-1.17607014593072
2.06945476680674,0,15.285603958345,-0.155572279877479,0.726487373941499
5.39046990402594,0,10.885657349787,-0.765578917724887,0.836047210040932
6.89580662455126,1,6.89580662455126,0.478572474686387,0.453109164935183
3.3201273908586,1,3.3201273908586,-0.317830107408501,1.66644838126874
0.521879721599508,0,39.0484766195125,-0.63099168937557,-1.80523212679196
12.1988708452094,0,98.3104679818083,-0.697581197765273,-1.92129142469562
1.324628981315,0,42.7087222076679,-0.409210129944393,-0.488205898600069
0.0474868182761583,1,0.0474868182761583,0.919873745918548,1.15156894673691
2.68381026009022,0,8.71444969838682,-0.492727210633245,0.590711581104176
0.660531267205835,0,4.32772928264463,1.17283907405318,-0.38878299864533
11.6041634048852,1,11.6041634048852,-0.461740392260646,0.459748953002195
2.61655264727939,1,2.61655264727939,0.318844172856995,0.577452207902739
4.31759287712613,1,4.31759287712613,1.4570053212702,0.737452629904688
0.447359555114234,1,0.447359555114234,1.17708521535467,0.873880791887926
6.48145448503829,1,6.48145448503829,0.518771138941738,0.485158145197939
1.35669236389855,1,1.35669236389855,0.987918586406636,-0.633889632091869
3.5897648685496,0,94.7330123840417,-0.914317641510341,0.28573359382562
6.88871085515895,0,19.77614131095,-0.0964573795051277,0.0405055806669189
2.18532494294811,0,4.76502268237409,0.910986068018432,0.919483844448685
3.07239490179396,0,21.4302362857539,-0.334612528727968,-0.369878323769302
0.251816764818647,1,0.251816764818647,0.34622004637191,1.04584505818879
0.69348368360913,1,0.69348368360913,0.782393826187487,1.49444117952671
2.38979434276601,1,2.38979434276601,0.283967564315403,1.08533484419002
1.85577547015221,1,1.85577547015221,1.01133359375769,0.819765037688576
3.46895841192018,1,3.46895841192018,0.328131228088218,-0.163013194791909
7.18825367528227,1,7.18825367528227,-0.0459502229907074,0.193358049735653
0.282258218837351,1,0.282258218837351,0.2913474983508,0.923738250003761
4.24780064289959,1,4.24780064289959,-0.123807120184014,-0.0962722395728701
7.01113702002946,1,7.01113702002946,-0.503620391301005,-0.25897363622268
10.9970829755603,0,72.838475076617,-0.665261393482828,-2.25269499709531
22.5965041408925,0,50.5537707356758,-1.33708717769345,-0.423261414989149
4.16504815624112,0,67.6211030719346,-0.567052302256628,-1.22861119140559
21.8482713121844,0,145.057494681656,-2.01539566139229,-0.857742390564959
0.232112835781487,1,0.232112835781487,1.09017636690904,1.88195414080786
1.11467024686759,1,1.11467024686759,0.349318264372704,1.43235245036008
0.813115516486974,0,8.72891057549462,0.110095155117968,0.133083158831522
6.65159316231869,1,6.65159316231869,0.0884351878895797,-0.756842067551064
0.95626292439949,1,0.95626292439949,0.185167608402308,0.864107435620445
25.7198439880444,0,69.625454511312,-0.807417276062999,-0.504690921037928
1.57902847604937,0,18.1219024540581,-1.01694831341278,0.0452130085222213
4.07547301800894,0,13.2889153202122,0.578129723150098,0.736201724991135
13.8604051092429,0,24.0201875582644,-1.15049154331189,-0.212128978011048
0.695362348209105,0,3.16934389285725,-0.911989260284809,-0.244711652403359
0.773506104545969,1,0.773506104545969,1.16655318537804,-0.138871437931654
8.3505049499384,1,8.3505049499384,0.498234421889527,-0.538632953757709
1.59336030997844,0,9.4357116003087,-0.348673212529306,0.299920454962998
4.12862127279647,0,219.965071096374,-1.09673181346057,-1.82070490488639
3.22341521520998,1,3.22341521520998,1.31532618238213,0.675528049054101
1.06813335370722,0,409.707754983534,-1.07985797647399,-2.07718920302775
0.00234986732249539,1,0.00234986732249539,2.71488608371896,3.76717485358131
3.67888620261033,1,3.67888620261033,0.420356828944232,0.874550069092409
1.90903530117323,0,4.11951475860113,1.00119407794385,-0.360951496717633
1.41009415321811,0,131.075944718751,-0.786241325704992,-1.75916708720017
22.3629394836161,0,57.0434369348585,-0.550388431964698,0.410561209104761
10.0269967717106,0,29.4284683314525,-0.336252106850142,-0.282155287887794
26.0179610963601,1,26.0179610963601,-0.591076686590403,-1.82929662563177
1.45355233651934,1,1.45355233651934,0.43548493522064,-1.17751248176021
5.66133489928808,0,9.71253513311798,-0.314971882937502,-0.477601704742666
0.0411355798889373,1,0.0411355798889373,0.166721578530211,1.35364256857878
4.32942876067534,0,6.96933857273592,-0.764907279106383,-0.907062384350303
33.0354599502052,0,141.776870500367,-1.67640304886317,-1.17155998107746
10.7547695234353,0,28.7452372567838,-1.02086368210367,0.092214954318537
1.40829828415471,0,69.7896248114398,-0.754906220239123,0.0703201190399826
8.68259144359136,0,52.6945886741557,-0.512471286690537,-1.42261295574866
5.97542213545973,1,5.97542213545973,-0.534584518268392,0.650328627358966
0.00208526024344938,1,0.00208526024344938,1.39138507426519,2.17096831238379
4.69766264218946,0,13.8517294399943,-0.390606779983031,-1.44578440328225
0.48733898874841,1,0.48733898874841,-0.636509246996123,0.195688635394725
1.37000146019103,1,1.37000146019103,1.8638632156263,0.598052125219906
1.34201369184927,1,1.34201369184927,1.30032315619293,1.0370633980193
30.0896182092282,0,48.7863642066455,-1.17257707853917,-0.46760648825611
0.62472420463184,1,0.62472420463184,1.48753618652362,1.18407040301663
3.95727199858104,1,3.95727199858104,0.57147892466681,0.580896246182758
4.66602892962977,0,359.546116696488,-0.816143117569631,-1.40161339954417
12.9570043747497,0,51.522305992043,0.883705374735678,-1.03654581981608
2.18828067021048,0,51.9315604683252,-0.744115698274389,0.364529384717709
4.35877619259997,0,17.2860361804094,-1.36202088644031,-0.859745872951634
7.54033032176081,0,13.9040866084094,-0.981857041581827,0.293383920953676
1.95634921971994,1,1.95634921971994,0.540297062836185,0.523023629732194
2.71568147027426,1,2.71568147027426,0.571613962603817,0.652776367835383
0.682991333014456,0,37.4601280650274,0.108043843571438,-1.73610340408216
0.915147069941281,0,10.1678285160708,-0.114637790238591,0.0701151925240209
4.50155609017401,0,13.827939326648,0.392639447570334,-0.959463466394354
4.75745390014808,0,46.4653393195118,-0.76045597980934,-1.16636553704197
1.64101749732783,1,1.64101749732783,1.35226397065068,1.50912314411767
6.53288804378273,0,45.3516962249369,0.444456015582616,-0.976885259467275
0.105881946014589,1,0.105881946014589,0.734310381660026,1.22822239624442
0.630658047859316,0,24.1641900981106,0.0156986536219008,-0.503353300879702
14.3135013531596,0,25.6579012481694,-1.22130269326106,-0.92374123843733
5.9843776992595,0,10.6001295386903,0.578768375082993,-0.231936236183347
2.86613167377844,1,2.86613167377844,0.555015783232278,1.30973266908875
0.261648233516785,1,0.261648233516785,0.91183196142318,1.46785678110076
3.63351805986123,1,3.63351805986123,-1.71624424357999,-0.711513727092588
6.01903259820897,1,6.01903259820897,0.212600808453649,0.575715182250643
12.1515005153535,1,12.1515005153535,-0.920710877540039,0.476101831327983
0.664076723437318,0,3.67815779502818,0.365194033843637,0.334375447657487
2.19327165394635,0,6.10387181136939,0.461042812187946,0.0192119260284795
0.0303071552714405,1,0.0303071552714405,1.06178309100559,0.865690837228669
3.53772670346525,1,3.53772670346525,0.124178272833068,0.966049985271292
0.931741011072055,1,0.931741011072055,0.45567558810858,0.721684007559755
0.5922739436005,1,0.5922739436005,-0.164885670550047,1.37279543820773
2.57555958662329,1,2.57555958662329,0.215584831474807,0.817920812339012
19.0418943629515,1,19.0418943629515,-0.169078683504914,-0.296013812585899
24.4565984197535,1,24.4565984197535,0.347580193438189,-1.32759458419287
5.26311544896983,0,9.08866746908148,0.563928689419648,0.50396619361603
3.25323227238711,0,29.3557006825121,-2.5081451795844,-0.341777398103941
9.07478597618075,0,375.86897582893,-1.9237607655642,0.0760942771875334
3.87325535886665,0,40.1629304996777,-0.618309883494054,-0.788738946166357
1.83794009518338,1,1.83794009518338,0.348758998109737,1.32449447743942
3.76629092599295,0,8.42372347117311,-0.469227206713814,0.374652673184993
14.0985391976757,0,76.017933742833,0.024251310675367,-1.05102935274275
10.3216984790006,0,256.629663542388,-2.19741727727776,-2.37529971356485
1.12274380984251,0,9.20102995806881,0.523498091033551,0.109122010510159
0.583587150708819,1,0.583587150708819,1.93599304563698,1.0330908041927
0.82824793480541,1,0.82824793480541,1.16610709104527,1.50883304640877
5.79068170541091,0,40.5970989477542,-0.351634449747662,0.363121124012555
0.312682578480116,1,0.312682578480116,1.19360415373343,1.54755240531074
0.923598547798566,1,0.923598547798566,0.845665347858751,0.604185572543924
4.67665979596114,1,4.67665979596114,-0.649815914296775,0.479988275636027
2.17622066859634,1,2.17622066859634,0.64737577120031,0.742117035782579
7.69640386932837,1,7.69640386932837,0.356970160700449,-0.0853131739556554
2.88040647260598,1,2.88040647260598,0.103656166978936,0.644048390649263
0.460530028084822,0,39.5295056704155,-0.0490646033954013,-0.75740180783472
10.5612249644395,0,126.55576184013,-0.621687047855133,-1.34927631142025
0.978927255854572,1,0.978927255854572,-0.971509188717087,-0.389969841043638
3.78601595400773,0,132.528602787712,-2.17388962618256,-2.09639773620277
3.13890707011988,0,4.90045605318737,0.915756241950423,-0.271606238741531
6.51041578184684,0,28.645407666635,-1.81780801975584,-0.588270603069844
1.11827220218028,1,1.11827220218028,1.4474589482737,0.981606415236638
0.845601689159657,1,0.845601689159657,0.732719417240129,1.2576491263574
1.6931039036052,0,28.8558036324544,-0.556355707251223,0.505146368809966
0.564878557232978,0,13.1861962102103,-0.566883372538995,-0.15121079112566
0.0301992902263878,1,0.0301992902263878,2.38991732795911,1.50954751907277
5.70973880500265,0,28.9555776984838,0.454982113671432,-0.871787530926534
1.71189998818115,0,4.62650482970624,-0.168272734354801,2.00279426849883
1.58427159188279,1,1.58427159188279,-1.00053609671792,-0.0757958919472314
0.249904673486178,1,0.249904673486178,1.12583140389385,1.21505902556468
8.13417033800065,0,12.2194014767882,1.00978052967788,0.124312426329226
5.1850151090738,0,54.4617779947942,-0.872536277430929,-0.509274689648314
1.41263324606817,1,1.41263324606817,-0.709062430985546,0.372221748674318
0.00106095681454147,1,0.00106095681454147,1.63274323695511,2.34469972701867
10.7064421142506,0,19.8953547116515,0.127229257130895,-0.750216549599414
0.205315281385734,1,0.205315281385734,1.22373556146335,1.13908358775647
2.63920375569014,0,204.90047951704,-0.633333087080742,-1.56643558523183
0.730625681075991,1,0.730625681075991,1.02761296403324,1.28771123351276
1.69088845772996,1,1.69088845772996,-0.146262421028495,0.441591260468468
5.72759088690021,1,5.72759088690021,-0.089893554583287,0.587660207721272
0.633443897129258,0,12.8309221458212,-0.202502808496652,-0.363288389440774
3.11792784504916,1,3.11792784504916,0.034466428951241,-0.244859002291718
0.107409178893808,1,0.107409178893808,-0.652649237783305,-0.458138139508803
11.132241045377,1,11.132241045377,0.0458293197130916,0.198314982969033
0.331239892716938,0,5.27951645198967,1.12873185108515,-0.91510475852076
1.03763312111436,1,1.03763312111436,-0.0293669834559996,0.558339286973967
1.44502550464343,1,1.44502550464343,1.81224212762876,0.867542842900146
25.8207449985333,0,44.7918801268483,-0.0928863658297103,-0.300636808151836
0.217866163622158,1,0.217866163622158,0.656177982210921,1.06258743222613
10.0613200515856,0,13.7883956266003,-0.135208919589637,0.110595339852829
8.25525278505064,1,8.25525278505064,0.398295358370562,0.76057535885758
0.0737200218589471,1,0.0737200218589471,1.14576317404716,0.557295058461725
0.908142026977263,1,0.908142026977263,0.287390161264711,1.32742671789881
1.46122200400532,1,1.46122200400532,0.567305895965368,1.5666725395834
4.67757364433951,1,4.67757364433951,0.09908226113194,0.576977283351318
32.8812930011992,0,121.855692470923,-1.52249608302298,-0.508719471729536
4.65210902184315,0,18.7591586132792,-0.217326145813931,-0.73814626595173
3.04969097928668,1,3.04969097928668,-0.755194005041044,0.64774275059635
3.01958119747659,1,3.01958119747659,0.546872955678248,-1.01787708466281
20.3900994539476,0,28.7715499781777,0.12197052081246,-0.964798942994987
14.9139088150622,0,37.9195570218892,-0.879272026344462,0.235471684501105
0.167300874252533,1,0.167300874252533,-0.405516758842674,0.782071896011552
17.510532188273,1,17.510532188273,0.175976505214037,0.527850783576456
2.65093487778821,0,142.92247981896,-0.803742557434456,-1.24751898113408
5.16902988928753,1,5.16902988928753,0.945200250352758,0.466714703725309
14.6634786186456,1,14.6634786186456,-0.213002301986435,0.00500090078521758
1.08217201749023,0,6.1813664635335,1.10003028971394,-0.331206852307849
15.9094540088378,1,15.9094540088378,-0.884241147218969,-0.792463359755222
28.0785144622866,1,28.0785144622866,-1.3188486285187,0.381474059434161
7.63997716860584,1,7.63997716860584,0.23943486252346,0.249901688657445
24.1248499371961,0,39.7867219660622,-0.173909567364203,-0.503996266782568
2.90579174678024,1,2.90579174678024,-0.574884644028921,0.609713680892905
30.4308268323585,0,74.6554792199973,-1.26363085691206,0.056172364147098
1.76489546710248,1,1.76489546710248,-0.692536803533112,0.0675477366684383
48.2758406024942,0,110.737071706604,-0.850902899245632,-0.697214060947826
1.66877252990651,1,1.66877252990651,1.88204050470301,1.10345703796985
4.30378047592606,0,144.6832201933,-2.03909348965424,-0.433035182191368
3.0642151605046,0,17.1135048665263,-0.730598288341485,-1.214834382338
3.02457381041652,1,3.02457381041652,0.236275160310927,0.179833632287471
1.09164039134634,0,3.25551891613097,0.193260271019399,1.82046156588185
3.64912915570532,0,91.6785442772751,-1.95512066945596,0.227653938443508
7.03302186251332,0,11.8359487904805,-0.109256867315175,0.559338531710214
16.0981591734194,0,88.937401823455,-0.592231563095023,-0.691132369541621
36.3909186305712,0,67.23769836963,-1.70630913473402,-0.644990478163316
0.14786426205183,1,0.14786426205183,2.6504383667803,1.5975255445266
0.40732608015975,1,0.40732608015975,1.85528886911195,1.3174586164898
0.355253852343926,1,0.355253852343926,1.33895451312607,1.16826862813307
0.144612980639626,0,7.91024430957023,0.308424286433629,-0.439638972121808
6.53199575071738,0,63.205598825968,-0.9291033057311,-1.68422635607141
0.394304339329768,1,0.394304339329768,0.227150897146121,0.867205139178559
0.742846233651459,1,0.742846233651459,1.02138280380395,0.358972346858044
0.419210522390244,1,0.419210522390244,0.322680923909102,3.0366593233949
0.249336365777614,1,0.249336365777614,1.07925552439331,1.5628386209103
0.814226658259158,1,0.814226658259158,-0.335998608647035,-0.124062433243806
0.111603195480788,1,0.111603195480788,0.867237085403038,1.73550426011538
0.677522986353577,0,5.42733741779487,-0.0799293159263765,0.743913873842033
3.63031198203391,0,85.5378257604541,-2.15472266483123,-1.03214808170064
4.97698418053514,1,4.97698418053514,-0.959825459686468,0.741029247210928
2.58535982374198,1,2.58535982374198,-0.259885732320655,-0.419635998997055
0.531250195209482,1,0.531250195209482,1.61136157545514,1.43258589780268
1.58749763761371,0,10.4246998259289,-0.756681877229947,0.180862300222475
6.58089506396236,0,24.7936005713381,-1.30968456129326,-0.777353685440397
0.0797750595521966,1,0.0797750595521966,1.93681482156142,1.81911711999419
0.0462449791560416,1,0.0462449791560416,0.923469059039046,-0.264415632844546
1.77105273645358,0,1546.87611267414,-2.12161632885007,-1.62258753643264
6.82048273033794,1,6.82048273033794,0.844894445303174,-0.0341272554268099
44.1899628212679,0,229.027606943801,-2.13555501345742,-0.733771923126312
0.354863112366115,1,0.354863112366115,1.52872842402269,0.986539746862519
23.258748994878,0,79.4186952074602,-1.19338750895117,-1.70579817153851
19.465491541793,0,29.7711564166965,-0.789446892969101,-0.180574994220372
12.5051911695379,0,180.849932233248,0.355719864940219,-1.6439879097164
4.87334454757763,1,4.87334454757763,0.989749564507524,0.270095860311466
0.17498681846,1,0.17498681846,0.122470195831765,-1.44945259715176
1.03056603826449,1,1.03056603826449,-0.75995022781675,-0.605503829713947
2.08766412171802,1,2.08766412171802,1.27443263831748,1.26331882825952
0.528491711037893,0,0.803217755614594,0.835465776349665,1.66215967427391
10.5229483782644,1,10.5229483782644,-0.23578507936933,0.844637590991252
6.10730176890022,0,21.2901575879802,-0.207436247061547,-0.653904929858066
0.100665661042098,1,0.100665661042098,1.24937169532479,1.57302881805142
7.35281841921006,1,7.35281841921006,0.716481443037754,-0.264738019515402
1.04730846104636,0,4.01749534191232,-0.0972112615705144,1.20914269381158
1.52368322101518,1,1.52368322101518,0.555513683325457,0.892625125039659
0.568577037319739,1,0.568577037319739,-0.000781135339992856,1.13040368899768
11.5474775833283,0,25.3722424138511,-0.619344598179031,0.39472195017336
14.3146289535214,0,419.030347915116,-1.42669171812517,-2.59016525196445
9.23713407347695,1,9.23713407347695,-1.26192154986274,-0.215931927611062
8.14567633657304,0,70.4885411514289,0.399567553649088,-1.46311068873768
4.22939608913823,1,4.22939608913823,-0.752085104306308,1.38052806370356
4.66049636135609,0,9.93786961479095,-0.288229762749829,0.376167402397695
8.5667632377816,0,17.6464734683753,-0.586259372921152,-0.424789816765409
0.255362960247132,0,28.2782592402122,0.0871085660399008,0.0331687893075752
0.273429271404862,1,0.273429271404862,-0.307591158638627,-0.503626808046813
7.09041135805235,0,45.3495775582911,-2.46036391617102,1.01613816310642
5.1755921001511,1,5.1755921001511,1.44443605778351,-0.600167407276056
6.24745021037471,1,6.24745021037471,0.193568043919287,1.28490450673231
0.308966137413973,1,0.308966137413973,1.29468292733294,1.49147894393072
1.73012379007434,0,7.7675767919232,-0.368181959865114,2.21206130143879
11.4214659389188,0,12.4221271153751,-0.89971034051331,0.434866241036748
0.379646086940264,1,0.379646086940264,0.0319741991538326,-0.353389308104022
9.46487255494888,0,34.4239999484817,-0.623079894702084,-1.05581581990638
0.55558366212666,1,0.55558366212666,1.59053673213604,0.506438397354565
6.51581684333895,1,6.51581684333895,0.304642281458848,0.269580309580897
20.7258498526422,0,64.2459007031864,-0.655893415343283,-1.19248174392698
11.573650141542,0,19.3014808975337,-0.29679296789458,-1.95663121446318
15.7969826673558,0,100.636382829308,-1.64882241114031,-1.40687150853189
20.6713868864659,1,20.6713868864659,-1.01418126457778,-0.175646186997627
8.57018072175298,1,8.57018072175298,1.15182565794068,-1.04997170508605
12.0811685977516,0,12.1981810893494,0.651718182618071,0.981137122670297
13.3524966681291,0,59.6269306669214,-0.969480200819556,-0.30711008523777
1.1747118665829,1,1.1747118665829,0.729416419719578,-0.0336366536497988
1.30632598179927,0,10.071996675882,-0.133519156214097,0.240123943046768
30.4870128137336,0,35.8782012433964,-0.201781901696759,-0.55225204976566
0.0806758779994136,1,0.0806758779994136,0.353422969937658,1.7828073752571
8.08522790634204,0,17.3060948128803,0.607184000208526,-0.657310839900973
2.95347776957616,1,2.95347776957616,-1.29566834279954,-0.669924533523831
8.35772256359929,1,8.35772256359929,1.35924873091531,0.626618518550196
13.3470382993035,0,18.0422946509202,-0.449262917142329,0.670610238366882
5.17690118863367,0,15.0188419076207,-0.418878841983184,-1.11701110208667
0.0391031482927131,1,0.0391031482927131,0.839954889143157,1.59157429391209
0.513868317940215,0,1.99083171798685,0.469357502587864,0.297906787190233
5.04857385895336,0,12.3632778349077,-0.486769821065443,0.379182600739647
5.67956669656783,0,434.043811671527,-1.46195818044303,-1.8739033810059
5.99187843819611,0,21.3630933493972,-0.0508290168669037,-0.0446352828172758
3.40200675444118,0,3.57521931783251,1.96965437022774,-0.562779864022564
2.82231276530618,1,2.82231276530618,0.373445904547078,0.82185538607477
0.589154666350051,1,0.589154666350051,1.01201906016728,0.261554379999533
21.220248483174,0,70.1321962415848,-0.734956468042439,-0.255911359450463
0.728927858172349,1,0.728927858172349,1.99860245844088,0.968335868919275
6.01277836103834,0,43.2729478552703,-1.60639487321999,0.845806331376732
6.32480846421053,1,6.32480846421053,0.513396465426452,0.107464541121263
1.06011218171828,0,19.8656503469481,-0.0560233652243897,-0.14930920421884
25.8655775208059,0,26.6916124810405,0.117407070166618,-0.420295603760683
6.93031953813248,1,6.93031953813248,0.0265196451564785,-0.827925050206979
1.03836801317607,0,1.30887430454611,0.479797640179571,1.12092467326376
0.769528780245211,1,0.769528780245211,0.75940944021661,1.13031775049834
11.5856008049688,0,13.8824614147481,-1.03951689396142,-0.229411845645551
3.74740489873217,1,3.74740489873217,0.319798008652413,-0.871857350406253
5.38215200006097,1,5.38215200006097,1.24463248607082,-0.594285211536179
2.11487866074082,1,2.11487866074082,0.198209968211706,0.189239344192607
3.09884443265244,0,9.12730464456043,0.0630625971574764,-0.171763948454954
1.56074563534834,0,62.1832714078168,0.167720553765519,-0.879576204270327
23.7593138172576,0,565.990456119232,-1.41484499876758,-0.965976760617768
6.58336663754122,1,6.58336663754122,0.269899438424038,1.19908860699613
1.20496151779645,1,1.20496151779645,1.61605083880845,0.719458760316358
3.80709865881541,0,8.86643897791163,0.30552926732719,-0.136579706145973
0.135247958401195,0,17.8751850685305,-0.317107503653398,-1.3442500681168
7.30197603883398,0,24.0646688207496,0.14144300988221,-0.442264665643341
3.55397614310391,1,3.55397614310391,0.2337283106253,-0.247571070433443
14.3241310954718,0,83.3760334745129,-0.695781922672748,-0.382884090402024
2.47161224486522,1,2.47161224486522,-0.0711052424295892,0.962319381234507
4.15606962432272,1,4.15606962432272,0.314016507826437,0.471901674294089
0.516481550244989,1,0.516481550244989,-0.811166559593722,1.12466220649086
35.3117192089731,0,90.8891489531908,-0.067681910103614,-0.785856216719454
1.52917948538187,1,1.52917948538187,0.523801040794275,0.92076186717472
0.558610430633018,1,0.558610430633018,-0.899097611026804,1.27439597587829
0.458034972804524,1,0.458034972804524,0.137534411365876,1.04206645649806
5.67214440465488,1,5.67214440465488,-0.0162382888513249,-0.302393205211034
8.54750774667298,0,598.997018453884,-2.05714218527549,-1.53759701360655
2.32989547455134,1,2.32989547455134,0.174332341856128,0.788944496738902
8.98845815940754,0,30.2815193117332,-1.46157165353825,0.841559820475667
1.65566002760035,1,1.65566002760035,1.05540899859732,-0.742273323122071
21.1657948762541,0,23.2903794955395,0.188681796612314,-0.876178430735744
1.31859325378295,1,1.31859325378295,0.119421710424736,0.864615184433394
1.20221019781845,0,13.2347956263645,0.618969131665266,-0.595496842236304
18.0039417734719,1,18.0039417734719,-0.62611186007214,-1.04297048185791
0.36967970698802,1,0.36967970698802,-0.0755443550469352,-1.41807060062525
0.297484554181774,0,15.4999562696824,-2.15931793843908,0.739210142811775
2.20250987599164,1,2.20250987599164,2.07823485565601,0.14888944006331
1.61357320025582,1,1.61357320025582,0.733226685422438,0.189740686380773
2.68529352651477,1,2.68529352651477,1.56750077867701,0.916842425774115
13.3945290295733,0,173.357774350952,-0.268926494665054,-1.68512025080558
1.04787319374495,0,1.38746523116719,0.955247263191817,-0.0586090128282157
10.7637027298319,0,13.7252755760185,-1.40789613988462,-0.558170573835586
5.54359067542026,1,5.54359067542026,0.151684612596693,0.990302671433815
4.79040282960779,0,81.8896798648706,-1.27194676820125,-0.840786707819441
0.0353631489941906,1,0.0353631489941906,1.78906204832727,1.69752413421203
0.0322696823433748,1,0.0322696823433748,1.55361301042026,1.9059709673114
15.5303698564286,1,15.5303698564286,0.0464762125843914,-0.509249377672911
0.335636820413158,1,0.335636820413158,0.810303650668695,1.16634539525329
0.0478061496385,1,0.0478061496385,1.82281586110883,-1.27333292481766
2.82345363376573,1,2.82345363376573,0.433398730933115,0.703201602263638
2.92818083894096,0,84.6378745571241,-0.455932318085628,-1.51887191442373
18.3759555368104,1,18.3759555368104,0.51459263427557,-0.560624485547954
0.579902317644318,1,0.579902317644318,0.723516352178393,1.00755422161679
5.88806319443627,0,23.819199907676,0.837002415823194,-1.17246834833176
2.87084452244117,1,2.87084452244117,0.848961196568698,-0.451212450500349
3.06852404755151,1,3.06852404755151,-0.90492598066848,0.935913485896886
2.18357789359847,1,2.18357789359847,1.0444169421128,0.0623564684178241
4.39914445564576,1,4.39914445564576,0.510991297401221,-0.634427252356723
18.8034879489325,1,18.8034879489325,-0.170142660657497,-0.129619541083529
7.54599548826077,1,7.54599548826077,-0.0811753351280349,0.636424055800104
1.12221199802565,0,3.45780661096461,1.36698213874706,-0.0423513956664859
5.85350295011331,1,5.85350295011331,0.392078331598517,1.57253356547415
7.75289617757374,0,321.359462416291,-0.991804809991675,-2.60047005024227
9.20065839546539,1,9.20065839546539,0.267035409474156,-0.723233553304836
10.2145113345678,0,11.567601311668,-0.596779583943074,1.11396289792722
2.29545521705005,1,2.29545521705005,2.09546897319984,-0.370764303877609
4.64788592438913,1,4.64788592438913,0.971526596901007,0.175909124425126
0.519734538293404,0,1.00043373532342,0.453313623181665,1.21729246695895
3.26912343994198,0,35.3550973856771,-0.0139558321375055,-0.76705274807618
3.78195854483105,1,3.78195854483105,-0.276795209442081,0.541004987651926
12.9087717894747,0,108.105259974079,-1.9728817516306,0.453337176683685
4.44476397190904,1,4.44476397190904,-1.50807457739679,-0.384424512137838
0.628518057126621,1,0.628518057126621,0.150798356901972,1.1997406829302
6.23833223266106,0,9.82339803592312,0.208798220244943,0.147343442505732
11.6404134604879,0,12.1383630473099,0.460300290314636,-0.618143875140672
1.13392402283982,0,4.44119386519267,0.115557509094341,1.08675684306862
9.97927760469386,0,55.7211028141127,0.330061982418645,-1.05513922046415
10.8374094649918,1,10.8374094649918,0.259672100144652,-1.16553413860224
10.5256209047713,1,10.5256209047713,-0.264514600015551,1.01480504145411
6.60360868553521,0,609.393196302477,-2.63478542521416,-2.30100911509807
3.23898221678055,1,3.23898221678055,1.04614558398495,-0.45020936068698
1.90847008380299,1,1.90847008380299,1.15778237328435,0.159377848747254
0.00751603741143934,1,0.00751603741143934,0.623691641204951,0.896283576060553
1.60362291422618,1,1.60362291422618,-0.707856294876549,-0.462758273307729
0.260465320457839,1,0.260465320457839,0.327903166668121,2.61269347814412
5.18646983434593,1,5.18646983434593,0.244218465985702,0.489339403329714
3.50278383202594,0,4.38666401241973,-0.391722668840904,-0.321745332376758
1.07899430143413,1,1.07899430143413,1.2440651950154,0.0295114783105162
1.35860841323471,1,1.35860841323471,0.117015162245365,0.369329148530111
1.33094446748952,1,1.33094446748952,0.090029999041993,1.78057233636981
5.68747739667448,1,5.68747739667448,-0.85922510279025,1.57304728066419
0.4779712051384,1,0.4779712051384,0.0116367253052997,1.21987823931072
19.3351200105252,0,51.2031573569765,-1.68360521914669,0.406077775744761
23.3366243862034,1,23.3366243862034,0.517552431111052,-1.00106420054756
14.3177314939427,0,22.3839074062878,-0.6920559614795,-0.0119262062918627
1.8855736714228,1,1.8855736714228,0.906604973281565,-0.443852117245074
3.93909556112517,1,3.93909556112517,0.190205422407186,1.45979650949715
4.16107960170392,0,22.0327631430929,-0.843626682091125,0.623719747599592
11.5694952478953,0,64.396646611813,0.147270923657524,-0.951985058008062
6.87601031348877,0,24.0330673336918,-0.442383660036912,0.583731059186195
0.588977422719298,1,0.588977422719298,0.609318921106298,1.44097467384972
6.59957000566952,0,93.2208788858012,-1.02502073924778,-1.81182109521434
1.13746954791589,0,7.56476345114051,0.854600223654581,-0.316685775139562
0.364628855207135,1,0.364628855207135,0.561160783559567,1.69161330470961
3.07121159741771,1,3.07121159741771,0.159173029777324,1.43194358409712
7.39713072505835,0,35.1870813747283,-0.820215588552239,0.610014568945763
6.35251918932976,0,6.53876189388203,0.0476992263803279,-0.647790321585812
7.20015071747701,0,8.00879002528731,-1.21655685212969,-0.257258597198765
1.71972027863161,1,1.71972027863161,0.318278754264962,0.334034546157671
10.1470579420061,1,10.1470579420061,0.399380662402684,-0.305846337778737
